name,slug,type,citySlug,parentSlug,preposition,nameLocative,nameGenitive,synonyms,apartmentTier,apartmentBroad,apartmentSource,houseTier,houseBroad,houseSource,isPublished
"Будённовский","budennovskiy","administrative_district","donetsk","","в","Будённовском","Будённовского","Будённовский район|Будённовском районе|Будённовский р-н","TEST","","fallback_no_wordstat","P2","68","wordstat_v1","true"
"Ворошиловский","voroshilovskiy","administrative_district","donetsk","","в","Ворошиловском","Ворошиловского","Ворошиловский район|Ворошиловском районе|Ворошиловский р-н","P1","145","wordstat_v1","TEST","","fallback_no_wordstat","true"
"Калининский","kalininskiy","administrative_district","donetsk","","в","Калининском","Калининского","Калининский район|Калининском районе|Калининский р-н","P1","147","wordstat_v1","TEST","","fallback_no_wordstat","true"
"Киевский","kievskiy","administrative_district","donetsk","","в","Киевском","Киевского","Киевский район|Киевском районе|Киевский р-н","TEST","","fallback_no_wordstat","TEST","","fallback_no_wordstat","true"
"Кировский","kirovskiy","administrative_district","donetsk","","в","Кировском","Кировского","Кировский район|Кировском районе|Кировский р-н","P1","116","wordstat_v1","P2","67","wordstat_v1","true"
"Куйбышевский","kuybyshevskiy","administrative_district","donetsk","","в","Куйбышевском","Куйбышевского","Куйбышевский район|Куйбышевском районе|Куйбышевский р-н","TEST","","fallback_no_wordstat","P2","70","wordstat_v1","true"
"Ленинский","leninskiy","administrative_district","donetsk","","в","Ленинском","Ленинского","Ленинский район|Ленинском районе|Ленинский р-н","P2","97","wordstat_v1","TEST","","fallback_no_wordstat","true"
"Петровский","petrovskiy","administrative_district","donetsk","","в","Петровском","Петровского","Петровский район|Петровском районе|Петровский р-н","P2","97","wordstat_v1","TEST","","fallback_no_wordstat","true"
"Пролетарский","proletarskiy","administrative_district","donetsk","","в","Пролетарском","Пролетарского","Пролетарский район|Пролетарском районе|Пролетарский р-н","P1","115","wordstat_v1","TEST","","fallback_no_wordstat","true"
"Текстильщик","tekstilshchik","microdistrict","donetsk","","на","Текстильщике","Текстильщика","мкр. Текстильщик|микрорайон Текстильщик|на Текстильщике","P1","137","wordstat_v1","","","","true"
