registryId,pageType,category,geoSlug,districtSlug,facetSlug,url,title,description,h1,robots,tier,broad,source,minActiveObjects,contentGateRequired,status
"HOME","static","","","","","/","Агентство недвижимости «ДОН СИТИ» в Донецке, ДНР","Агентство недвижимости «ДОН СИТИ» в Донецке: квартиры, дома, земельные участки и коммерческая недвижимость. Подбор объектов, продажа и юридическое сопровождение сделок.","Агентство недвижимости «ДОН СИТИ» в Донецке","index,follow","","","owner_scope_cp02a","0","false","active"
"ALL","geo_all","","donetsk","","","/donetsk/","Недвижимость в Донецке, ДНР: квартиры, дома, участки, коммерция","Недвижимость в Донецке и ДНР: квартиры, дома, земельные участки и коммерческие объекты. Актуальные предложения агентства «ДОН СИТИ» и помощь в безопасной сделке.","Недвижимость в Донецке, ДНР","index,follow","","","owner_scope_cp02a","0","false","active"
"APT_ROOT","category_root","apartment","","","","/kvartiry/","Квартиры | ДОН СИТИ","Каталог квартир агентства недвижимости «ДОН СИТИ».","Квартиры","noindex,follow","","","master_plan_v6","0","false","active"
"APT_GEO","category_geo","apartment","donetsk","","","/donetsk/kvartiry/","Купить квартиру в Донецке, ДНР: цены и объявления","Квартиры на продажу в Донецке, ДНР: 1-, 2- и 3-комнатные варианты в разных районах. Подбор и сопровождение сделки в «ДОН СИТИ».","Квартиры на продажу в Донецке","index,follow","","","master_plan_v6","0","false","active"
"HOUSE_ROOT","category_root","house","","","","/doma/","Дома | ДОН СИТИ","Каталог домов агентства недвижимости «ДОН СИТИ».","Дома","noindex,follow","","","master_plan_v6","0","false","active"
"HOUSE_GEO","category_geo","house","donetsk","","","/donetsk/doma/","Купить дом в Донецке, ДНР: дома с участками","Дома на продажу в Донецке, ДНР: частные дома и дома с земельными участками. Подбор объекта и юридическое сопровождение сделки.","Дома на продажу в Донецке","index,follow","","","master_plan_v6","0","false","active"
"LAND_ROOT","category_root","land","","","","/uchastki/","Земельные участки | ДОН СИТИ","Каталог земельных участков агентства недвижимости «ДОН СИТИ».","Земельные участки","noindex,follow","","","master_plan_v6","0","false","active"
"LAND_GEO","category_geo","land","donetsk","","","/donetsk/uchastki/","Купить земельный участок в Донецке, ДНР","Земельные участки на продажу в Донецке и ДНР: земля под дом и строительство. Проверка документов и сопровождение сделки.","Земельные участки в Донецке и ДНР","index,follow","","","master_plan_v6","0","false","active"
"COMM_ROOT","category_root","commercial","","","","/kommercheskaya/","Коммерческая недвижимость | ДОН СИТИ","Каталог коммерческой недвижимости агентства «ДОН СИТИ».","Коммерческая недвижимость","noindex,follow","","","owner_scope_cp02a","0","false","active"
"COMM_GEO","category_geo","commercial","donetsk","","","/donetsk/kommercheskaya/","Купить коммерческую недвижимость в Донецке, ДНР","Коммерческая недвижимость на продажу в Донецке, ДНР: актуальные опубликованные объекты, фото и цены. Подбор и юридическое сопровождение сделки.","Коммерческая недвижимость в Донецке","noindex,follow","TEST","","owner_scope_cp02a","10","true","candidate"
"SELL","static","","","","","/prodat-nedvizhimost/","Продать недвижимость в Донецке, ДНР | ДОН СИТИ","Поможем продать квартиру, дом или участок в Донецке: оценка, подготовка, показы, переговоры и юридическое сопровождение сделки.","Продать недвижимость в Донецке","index,follow","","","master_plan_v6","0","false","active"
"LAW","static","","","","","/yurist/","Юрист по недвижимости в Донецке, ДНР | ДОН СИТИ","Юрист по недвижимости в Донецке: проверка документов, сопровождение купли-продажи, наследство, регистрация права и земельные вопросы.","Юрист по недвижимости в Донецке","index,follow","","","master_plan_v6","0","false","active"
"ABOUT","static","","","","","/o-kompanii/","О компании «ДОН СИТИ»: агентство недвижимости в Донецке","О компании «ДОН СИТИ»: агентство недвижимости в Донецке, команда, подход к проверке объектов и сопровождению сделок.","О компании «ДОН СИТИ»","index,follow","","","master_plan_v6","0","false","active"
"CONTACTS","static","","","","","/kontakty/","Контакты агентства недвижимости «ДОН СИТИ» в Донецке","Адрес, телефон и график работы агентства недвижимости «ДОН СИТИ» в Донецке. Запись на консультацию и встречу.","Контакты агентства «ДОН СИТИ»","index,follow","","","master_plan_v6","0","false","active"
"PRIVACY","legal","","","","","/politika-konfidencialnosti/","Политика конфиденциальности | ДОН СИТИ","Политика обработки и защиты персональных данных пользователей сайта агентства недвижимости «ДОН СИТИ».","Политика конфиденциальности","noindex,follow","","","master_plan_v6","0","false","active"
"CONSENT","legal","","","","","/soglasie-na-obrabotku-personalnyh-dannyh/","Согласие на обработку персональных данных | ДОН СИТИ","Согласие пользователя на обработку персональных данных агентством недвижимости «ДОН СИТИ».","Согласие на обработку персональных данных","noindex,follow","","","master_plan_v6","0","false","active"
"THANKS","utility","","","","","/spasibo/","Спасибо за обращение | ДОН СИТИ","Заявка отправлена. Специалист агентства недвижимости «ДОН СИТИ» свяжется с вами.","Спасибо за обращение","noindex,nofollow","","","master_plan_v6","0","false","active"
"APT_DIST_BUD","district","apartment","donetsk","budennovskiy","","/donetsk/kvartiry/budennovskiy/","Купить квартиру в Будённовском районе Донецка, ДНР | ДОН СИТИ","Квартиры на продажу в Будённовском районе Донецка, ДНР: актуальные объекты, фото и цены. Подбор и сопровождение сделки в «ДОН СИТИ».","Квартиры в Будённовском районе Донецка","noindex,follow","TEST","","fallback_no_wordstat","10","true","candidate"
"APT_DIST_VOR","district","apartment","donetsk","voroshilovskiy","","/donetsk/kvartiry/voroshilovskiy/","Купить квартиру в Ворошиловском районе Донецка, ДНР | ДОН СИТИ","Квартиры на продажу в Ворошиловском районе Донецка, ДНР: актуальные объекты, фото и цены. Подбор и сопровождение сделки в «ДОН СИТИ».","Квартиры в Ворошиловском районе Донецка","noindex,follow","P1","145","wordstat_v1","5","true","candidate"
"APT_DIST_KALIN","district","apartment","donetsk","kalininskiy","","/donetsk/kvartiry/kalininskiy/","Купить квартиру в Калининском районе Донецка, ДНР | ДОН СИТИ","Квартиры на продажу в Калининском районе Донецка, ДНР: актуальные объекты, фото и цены. Подбор и сопровождение сделки в «ДОН СИТИ».","Квартиры в Калининском районе Донецка","noindex,follow","P1","147","wordstat_v1","5","true","candidate"
"APT_DIST_KIEV","district","apartment","donetsk","kievskiy","","/donetsk/kvartiry/kievskiy/","Купить квартиру в Киевском районе Донецка, ДНР | ДОН СИТИ","Квартиры на продажу в Киевском районе Донецка, ДНР: актуальные объекты, фото и цены. Подбор и сопровождение сделки в «ДОН СИТИ».","Квартиры в Киевском районе Донецка","noindex,follow","TEST","","fallback_no_wordstat","10","true","candidate"
"APT_DIST_KIR","district","apartment","donetsk","kirovskiy","","/donetsk/kvartiry/kirovskiy/","Купить квартиру в Кировском районе Донецка, ДНР | ДОН СИТИ","Квартиры на продажу в Кировском районе Донецка, ДНР: актуальные объекты, фото и цены. Подбор и сопровождение сделки в «ДОН СИТИ».","Квартиры в Кировском районе Донецка","noindex,follow","P1","116","wordstat_v1","5","true","candidate"
"APT_DIST_KUYB","district","apartment","donetsk","kuybyshevskiy","","/donetsk/kvartiry/kuybyshevskiy/","Купить квартиру в Куйбышевском районе Донецка, ДНР | ДОН СИТИ","Квартиры на продажу в Куйбышевском районе Донецка, ДНР: актуальные объекты, фото и цены. Подбор и сопровождение сделки в «ДОН СИТИ».","Квартиры в Куйбышевском районе Донецка","noindex,follow","TEST","","fallback_no_wordstat","10","true","candidate"
"APT_DIST_LEN","district","apartment","donetsk","leninskiy","","/donetsk/kvartiry/leninskiy/","Купить квартиру в Ленинском районе Донецка, ДНР | ДОН СИТИ","Квартиры на продажу в Ленинском районе Донецка, ДНР: актуальные объекты, фото и цены. Подбор и сопровождение сделки в «ДОН СИТИ».","Квартиры в Ленинском районе Донецка","noindex,follow","P2","97","wordstat_v1","5","true","candidate"
"APT_DIST_PETR","district","apartment","donetsk","petrovskiy","","/donetsk/kvartiry/petrovskiy/","Купить квартиру в Петровском районе Донецка, ДНР | ДОН СИТИ","Квартиры на продажу в Петровском районе Донецка, ДНР: актуальные объекты, фото и цены. Подбор и сопровождение сделки в «ДОН СИТИ».","Квартиры в Петровском районе Донецка","noindex,follow","P2","97","wordstat_v1","5","true","candidate"
"APT_DIST_PROL","district","apartment","donetsk","proletarskiy","","/donetsk/kvartiry/proletarskiy/","Купить квартиру в Пролетарском районе Донецка, ДНР | ДОН СИТИ","Квартиры на продажу в Пролетарском районе Донецка, ДНР: актуальные объекты, фото и цены. Подбор и сопровождение сделки в «ДОН СИТИ».","Квартиры в Пролетарском районе Донецка","noindex,follow","P1","115","wordstat_v1","5","true","candidate"
"APT_MICRO_TEXT","district","apartment","donetsk","tekstilshchik","","/donetsk/kvartiry/tekstilshchik/","Купить квартиру на Текстильщике в Донецке, ДНР | ДОН СИТИ","Квартиры на продажу на Текстильщике в Донецке, ДНР: актуальные объекты, фото и цены. Подбор и сопровождение сделки в «ДОН СИТИ».","Квартиры на Текстильщике в Донецке","noindex,follow","P1","137","wordstat_v1","5","true","candidate"
"HOUSE_DIST_BUD","district","house","donetsk","budennovskiy","","/donetsk/doma/budennovskiy/","Купить дом в Будённовском районе Донецка, ДНР | ДОН СИТИ","Дома на продажу в Будённовском районе Донецка, ДНР: актуальные объекты, фото и цены. Подбор и сопровождение сделки в «ДОН СИТИ».","Дома в Будённовском районе Донецка","noindex,follow","P2","68","wordstat_v1","5","true","candidate"
"HOUSE_DIST_VOR","district","house","donetsk","voroshilovskiy","","/donetsk/doma/voroshilovskiy/","Купить дом в Ворошиловском районе Донецка, ДНР | ДОН СИТИ","Дома на продажу в Ворошиловском районе Донецка, ДНР: актуальные объекты, фото и цены. Подбор и сопровождение сделки в «ДОН СИТИ».","Дома в Ворошиловском районе Донецка","noindex,follow","TEST","","fallback_no_wordstat","10","true","candidate"
"HOUSE_DIST_KALIN","district","house","donetsk","kalininskiy","","/donetsk/doma/kalininskiy/","Купить дом в Калининском районе Донецка, ДНР | ДОН СИТИ","Дома на продажу в Калининском районе Донецка, ДНР: актуальные объекты, фото и цены. Подбор и сопровождение сделки в «ДОН СИТИ».","Дома в Калининском районе Донецка","noindex,follow","TEST","","fallback_no_wordstat","10","true","candidate"
"HOUSE_DIST_KIEV","district","house","donetsk","kievskiy","","/donetsk/doma/kievskiy/","Купить дом в Киевском районе Донецка, ДНР | ДОН СИТИ","Дома на продажу в Киевском районе Донецка, ДНР: актуальные объекты, фото и цены. Подбор и сопровождение сделки в «ДОН СИТИ».","Дома в Киевском районе Донецка","noindex,follow","TEST","","fallback_no_wordstat","10","true","candidate"
"HOUSE_DIST_KIR","district","house","donetsk","kirovskiy","","/donetsk/doma/kirovskiy/","Купить дом в Кировском районе Донецка, ДНР | ДОН СИТИ","Дома на продажу в Кировском районе Донецка, ДНР: актуальные объекты, фото и цены. Подбор и сопровождение сделки в «ДОН СИТИ».","Дома в Кировском районе Донецка","noindex,follow","P2","67","wordstat_v1","5","true","candidate"
"HOUSE_DIST_KUYB","district","house","donetsk","kuybyshevskiy","","/donetsk/doma/kuybyshevskiy/","Купить дом в Куйбышевском районе Донецка, ДНР | ДОН СИТИ","Дома на продажу в Куйбышевском районе Донецка, ДНР: актуальные объекты, фото и цены. Подбор и сопровождение сделки в «ДОН СИТИ».","Дома в Куйбышевском районе Донецка","noindex,follow","P2","70","wordstat_v1","5","true","candidate"
"HOUSE_DIST_LEN","district","house","donetsk","leninskiy","","/donetsk/doma/leninskiy/","Купить дом в Ленинском районе Донецка, ДНР | ДОН СИТИ","Дома на продажу в Ленинском районе Донецка, ДНР: актуальные объекты, фото и цены. Подбор и сопровождение сделки в «ДОН СИТИ».","Дома в Ленинском районе Донецка","noindex,follow","TEST","","fallback_no_wordstat","10","true","candidate"
"HOUSE_DIST_PETR","district","house","donetsk","petrovskiy","","/donetsk/doma/petrovskiy/","Купить дом в Петровском районе Донецка, ДНР | ДОН СИТИ","Дома на продажу в Петровском районе Донецка, ДНР: актуальные объекты, фото и цены. Подбор и сопровождение сделки в «ДОН СИТИ».","Дома в Петровском районе Донецка","noindex,follow","TEST","","fallback_no_wordstat","10","true","candidate"
"HOUSE_DIST_PROL","district","house","donetsk","proletarskiy","","/donetsk/doma/proletarskiy/","Купить дом в Пролетарском районе Донецка, ДНР | ДОН СИТИ","Дома на продажу в Пролетарском районе Донецка, ДНР: актуальные объекты, фото и цены. Подбор и сопровождение сделки в «ДОН СИТИ».","Дома в Пролетарском районе Донецка","noindex,follow","TEST","","fallback_no_wordstat","10","true","candidate"
"APT_ROOM_1","facet","apartment","donetsk","","odnokomnatnye","/donetsk/kvartiry/odnokomnatnye/","Купить однокомнатную квартиру в Донецке, ДНР","Однокомнатные квартиры на продажу в Донецке, ДНР: актуальные объекты, фото и цены. Подбор и сопровождение сделки в «ДОН СИТИ».","Однокомнатные квартиры в Донецке","noindex,follow","P1","184","wordstat_v1","5","true","candidate"
"APT_ROOM_2","facet","apartment","donetsk","","dvuhkomnatnye","/donetsk/kvartiry/dvuhkomnatnye/","Купить двухкомнатную квартиру в Донецке, ДНР","Двухкомнатные квартиры на продажу в Донецке, ДНР: актуальные объекты, фото и цены. Подбор и сопровождение сделки в «ДОН СИТИ».","Двухкомнатные квартиры в Донецке","noindex,follow","P1","145","wordstat_v1","5","true","candidate"
"APT_ROOM_3","facet","apartment","donetsk","","trehkomnatnye","/donetsk/kvartiry/trehkomnatnye/","Купить трёхкомнатную квартиру в Донецке, ДНР","Трёхкомнатные квартиры на продажу в Донецке, ДНР: актуальные объекты, фото и цены. Подбор и сопровождение сделки в «ДОН СИТИ».","Трёхкомнатные квартиры в Донецке","noindex,follow","P2","66","wordstat_v1","5","true","candidate"
"HOUSE_FACET_DACHI","facet","house","donetsk","","dachi","/donetsk/doma/dachi/","Купить дачу в Донецке, ДНР | ДОН СИТИ","Дачи на продажу в Донецке, ДНР: актуальные объекты, фото и характеристики. Подбор и сопровождение сделки в «ДОН СИТИ».","Дачи в Донецке","noindex,follow","TEST","","fallback_no_wordstat","10","true","candidate"
"LAND_FACET_IZHS","facet","land","donetsk","","izhs","/donetsk/uchastki/izhs/","Купить участок ИЖС в Донецке, ДНР | ДОН СИТИ","Участки ИЖС на продажу в Донецке, ДНР: актуальные предложения и характеристики. Проверка документов и сопровождение сделки в «ДОН СИТИ».","Участки ИЖС в Донецке","noindex,follow","TEST","","fallback_no_wordstat","10","true","candidate"
"LAND_FACET_SNT","facet","land","donetsk","","snt","/donetsk/uchastki/snt/","Купить участок в СНТ в Донецке, ДНР | ДОН СИТИ","Участки в СНТ на продажу в Донецке, ДНР: актуальные предложения и характеристики. Проверка документов и сопровождение сделки в «ДОН СИТИ».","Участки в СНТ в Донецке","noindex,follow","TEST","","fallback_no_wordstat","10","true","candidate"
